
INSERT INTO Khach_hang VALUES ('Nguyen Dinh Hoang Minh', '087020028456', '999999999', 'nguyendinhhoangminh@gmail.com', '1965-01-12', '0375945762','0');
INSERT INTO Khach_hang VALUES ('Le Khanh An', '087020024597', '888888888', 'lekhanhan234@gmail.com', '2003-08-11', '0375912456','0');
INSERT INTO Khach_hang VALUES ('Nguyen Nhat Nam', '087020022458', '777777777', 'nguyennhatnam234@gmail.com', '1999-09-21', '0375974568','0');
INSERT INTO Khach_hang VALUES ('Dao Canh Hung', '087020021245', '444444444', 'daocanhhung@gmail.com', '1987-04-06', '0375912457','0');
INSERT INTO Khach_hang VALUES ('Le Anh Khoa', '087020027894', '555555555', 'leanhkhoa234@gmail.com', '1994-02-28', '0375923654','0');
INSERT INTO Khach_hang VALUES ('Ho Minh Dai', '087020027569', '666666666', 'hominhdai234@gmail.com', '2002-04-09', '0375978594','0');
INSERT INTO Khach_hang VALUES ('Ly Trung Hien', '087020023564', '111111111', 'lytrunghieu@gmail.com', '1998-07-28', '0375942579','0');
INSERT INTO Khach_hang VALUES ('Nguyn Huong Nhi', '087020045267', '222222222', 'nguyenhuongnhi@gmail.com', '2002-12-21', '0375945872','0');
INSERT INTO Khach_hang VALUES ('Le Khanh long', '087020045789', '333333333', 'hgdfhgfhgfhgf@gmail.com', '1997-01-21', '0372235674','0');
INSERT INTO Khach_hang VALUES ('Nguyen Nhatmang', '087020011235', 'aaaaaaaaa', 'wddfsfdsf@gmail.com', '2002-02-17', '0324656875','0');
INSERT INTO Khach_hang VALUES ('Nguyen Nhathang', '087020078458', 'bbbbbbbbb', 'kjkighjbvn@gmail.com', '1989-03-19', '0325648975','0');
INSERT INTO Khach_hang VALUES ('Le Khanh sang', '087020078559', 'ccccccccc', 'fhrtysdfgds@gmail.com', '1978-03-19', '0312564879','0');
INSERT INTO Khach_hang VALUES ('Nguyen Nhatkhang', '08702005559', 'ddddddddd', 'iofgjvbn@gmail.com', '1956-04-18', '0321546879','0');
INSERT INTO Khach_hang VALUES ('Nguyen Nhatquang', '087020025789', 'eeeeeeeee', 'dfsetdrfh@gmail.com', '1955-05-16', '0321465879','0');
INSERT INTO Khach_hang VALUES ('Le Khanh trang', '087020055248', 'fffffffff', 'dsfsdgdsg@gmail.com', '1954-05-14', '0323232321','0');
INSERT INTO Khach_hang VALUES ('Nguyen Nhatlang', '087020077568', 'ggggggggg', 'hjhgjvbnvb@gmail.com', '2002-06-17', '0212546587','0');
INSERT INTO Khach_hang VALUES ('Nguyen Nhattu', '087020077444', 'hhhhhhhhh', 'asrsryvcnbvc@gmail.com', '2000-07-25', '0321546987','0');
INSERT INTO Khach_hang VALUES ('Le Khanh dia', '087020055555', 'jjjjjjjjj', 'dsfdfdfdsf@gmail.com', '2001-06-11', '0215648961','0');
INSERT INTO Khach_hang VALUES ('Nguyen Nhatxuyen', '087020077777', 'kkkkkkkkk', 'fbgfgcvbvcbvc@gmail.com', '2001-08-05', '0326598745','0');
INSERT INTO Khach_hang VALUES ('Le Khanh vy', '087020088655', 'qqqqqqqqq', 'gjghjghjhgj@gmail.com', '2003-06-09', '0325896548','0');
INSERT INTO Khach_hang VALUES ('Le Anh vi', '087020085694', 'wwwwwwwww', 'sdgsdgdfg@gmail.com', '2002-09-05', '0125487965','0');
INSERT INTO Khach_hang VALUES ('Le Khanh xi', '087020085457', 'rrrrrrrrr', 'fgfdgfd@gmail.com', '2002-10-02', '0215489655','0');
INSERT INTO Khach_hang VALUES ('Le Anh ki', '087020044444', 'ttttttttt', 'gjhgjhgjg@gmail.com', '1999-11-24', '0326595959','0');
INSERT INTO Khach_hang VALUES ('Le Anh he', '087020045211', 'yyyyyyyyy', 'bnbvnbn@gmail.com', '1997-11-16', '0321546987','0');
INSERT INTO Khach_hang VALUES ('Le Anh bi', '087020047811', 'uuuuuuuuu', 'asfsdfdsf@gmail.com', '1995-10-15', '0321548796','0');
INSERT INTO Khach_hang VALUES ('Le Anh ri', '087020057895', 'iiiiiiiii', ',jmjhkhjkjhk@gmail.com', '1987-10-14', '0321546987','0');
INSERT INTO Khach_hang VALUES ('Nguyen Nhattre', '087020045555', 'ooooooooo', 'hhgjghjh@gmail.com', '1952-12-21', '0321564895','0');
INSERT INTO Khach_hang VALUES ('Nguyen Nhatcha', '087020052644', 'ppppppppp', 'sadffdf@gmail.com', '2002-02-24', '0321564942','0');
INSERT INTO Khach_hang VALUES ('Nguyen Nhatlan', '087020012235', 'zzzzzzzzz', 'jjgnbvn@gmail.com', '2002-03-25', '0321546849','0');
INSERT INTO Khach_hang VALUES ('Nguyen Nhathu', '087020099635', 'xxxxxxxxx', 'dfgsrtsdgdgs@gmail.com', '2002-12-03', '0321364598','0');
INSERT INTO Khach_hang VALUES ('Le Nhu Hao', '087020045845', '123456789', 'lenhuhao@gmail.com', '1994-07-18', '0355478946','0');
/*************************************************************************************************************/


/*quanly*/
INSERT INTO nhan_vien VALUES ('Ha Thi Lo', '087020045789', '111111111', 'haithilo@gmail.com', '1992-05-01', 3500000, 1000000, '2022-05-23', '0344527894');
INSERT INTO nhan_vien VALUES ('Dinh Cong An', '087020044444', '222222222', 'dinhcongan@gmail.com', '1997-04-25', 3500000, 900000, '2022-05-23', '0342254876');
INSERT INTO nhan_vien VALUES ('Nguyen Thanh Thao', '087020085694', '333333333', 'nguyenthanhthao@gmail.com', '1994-05-29', 380000, 900000, '2021-09-14', '0321457844');
INSERT INTO nhan_vien VALUES ('Cao Thai Phuc', '087020012541', '444444444', 'caothaiphuc@gmail.com', '1992-12-05', 3500000, 1000000, '2022-05-23', '0375975981');
INSERT INTO nhan_vien VALUES ('Vo Tan Phat', '087020077568', '555555555', 'votanphat@gmail.com', '1994-05-25', 3200000, 900000, '2023-02-15', '0374456621');
/*nhanvien*/
INSERT INTO nhan_vien VALUES ('Ho Minh Danh', '087020025789', '666666666', 'hominhdanh@gmail.com', '1990-10-11', 3000000, 91000000, '2022-05-23', '0374457872');
INSERT INTO nhan_vien VALUES ('Do Cong Danh', '087020055248', '777777777', 'docongdanh@gmail.com', '1997-12-30', 2500000, 700000, '2023-02-15', '0372235674');
INSERT INTO nhan_vien VALUES ('Tran Tieu Thang', '087020011235', '888888888', 'trantieuthang@gmail.com', '1992-09-10', 3000000, 870000, '2022-10-23', '0375124577');
INSERT INTO nhan_vien VALUES ('Nguyen Anh Hung', '087020055555', '999999999', 'nguyenanhhung@gmail.com', '1995-08-14', 3000000, 1000000, '2022-10-23', '0325487654');
INSERT INTO nhan_vien VALUES ('Ly Tieu Bang', '087020078458', 'aaaaaaaaa', 'lytieubang@gmail.com', '1991-03-06', 3100000, 900000, '2019-04-03', '0344544557');
INSERT INTO nhan_vien VALUES ('Dinh Hung Anh', '087020078559', 'bbbbbbbbb', 'dinhhunganh@gmail.com', '1997-04-16', 2900000, 500000, '2022-07-20', '0354688759');
INSERT INTO nhan_vien VALUES ('Nong Cong Ly', '087020088655', 'ccccccccc', 'nongcongly@gmail.com', '1987-12-05', 3200000, 600000, '2019-08-20', '0344885547');
INSERT INTO nhan_vien VALUES ('Le Thi Thu Huong', '087020057895', 'dddddddd', 'lethithuhuong@gmail.com', '1995-07-14', 2900000, 500000, '2022-05-23', '0322546555');
INSERT INTO nhan_vien VALUES ('Huynh A Ly', '087020045211', 'eeeeeeeee', 'huynhaly@gmail.com', '1995-02-15', 4000000, 110000, '2021-09-14', '0375955879');
INSERT INTO nhan_vien VALUES ('Nguyen Minh Thu', '087020012235', 'fffffffff', 'nguyenminhthu@gmail.com', '1991-06-08', 4500000, 1500000, '2019-07-20', '0335587927');

/*tai xe*/
INSERT INTO nhan_vien VALUES ('Nguyen Danh Vong', '087020055887', '452157896', 'nguyendanhvong@gmail.com', '1984-07-23', 5000000, 1000000, '2018-04-05', '0355687459');
INSERT INTO nhan_vien VALUES ('Do Nam Son', '087020099635', '999758468', 'donamson@gmail.com', '1990-06-15', 4200000, 800000, '2019-04-03', '0322554415');
INSERT INTO nhan_vien VALUES ('Vo Thi Thu', '087020077777', '444466668', 'vothithu@gmail.com', '1991-01-18', 4300000, 500000, '2020-05-24', '0355569874');
INSERT INTO nhan_vien VALUES ('Cao Ba Thi', '087020077444', '333558888', 'caobathi@gmail.com', '1987-06-18', 4500000, 500000, '2018-05-23', '0354688895');
INSERT INTO nhan_vien VALUES ('Phan Kien Tuong', '087020044444', '778899445', 'phankientuong@gmail.com', '1985-08-21', 5000000, 700000, '2018-08-20', '0344577777');
INSERT INTO nhan_vien VALUES ('Cao Thung Linh', '087020055244', '775444112', 'caothunglinh@gmail.com', '1981-07-12', 4800000, 800000, '2017-05-10', '0344544578');

/*************************************************************************************************************/


INSERT INTO tram VALUES ('A', 'thuduc-HCM', '111111111');
INSERT INTO tram VALUES ('B','phanthiet-binhthuan' , '222222222');
INSERT INTO tram VALUES ('C','ductrong-lamdong' , '333333333');
INSERT INTO tram VALUES ('D', 'dalat-lamdong', '444444444');
INSERT INTO tram VALUES ('E','baoloc-lamdong' , '555555555');

/*************************************************************************************************************/

INSERT INTO ban_ve VALUES ('111111111', 'S', null,'A');
INSERT INTO ban_ve VALUES ('666666666', 'T', '111111111','A');
INSERT INTO ban_ve VALUES ('bbbbbbbbb', 'K', '111111111','A');

INSERT INTO ban_ve VALUES ('222222222', 'S', null,'B');
INSERT INTO ban_ve VALUES ('777777777', 'T', '222222222','B');
INSERT INTO ban_ve VALUES ('ccccccccc', 'K', '222222222','B');

INSERT INTO ban_ve VALUES ('333333333', 'S', null,'C');
INSERT INTO ban_ve VALUES ('888888888', 'T', '333333333','C');
INSERT INTO ban_ve VALUES ('dddddddd', 'K', '333333333','C');

INSERT INTO ban_ve VALUES ('444444444', 'S', null,'D');
INSERT INTO ban_ve VALUES ('999999999', 'T', '444444444','D');
INSERT INTO ban_ve VALUES ('eeeeeeeee', 'K', '444444444','D');

INSERT INTO ban_ve VALUES ('555555555', 'S', null,'E');
INSERT INTO ban_ve VALUES ('aaaaaaaaa', 'T', '555555555','E');
INSERT INTO ban_ve VALUES ('fffffffff', 'K', '555555555','E');
/*************************************************************************************************************/


INSERT INTO xe VALUES ('551122', '88888', 'honda', 20, 500);   /*6   HCm  01   12*/ /*DL 06 20*/
INSERT INTO xe VALUES ('667788', '99999', 'kia', 20, 1000);    /*8  DL 01 12*/ /* HCm  06   20*/
INSERT INTO xe VALUES ('775566', '55555', 'kia', 20, 1500);    /*6  DL 01 12*/ /* HCm  06   20*/
INSERT INTO xe VALUES ('881122', '33333', 'hundai', 20, 2000);   /*8   DL 01 12*/ /* HCm  06   20*/

INSERT INTO xe VALUES ('223311', '22222', 'honda', 20, 300); /*6   HCm  01   12*/ /*DL 06 20*/

INSERT INTO xe VALUES ('447755', '77777', 'kia', 20, 800); /*8  DL 01 12*/ /* HCm  06   20*/
/*************************************************************************************************************/

INSERT INTO tai_xe VALUES ('452157896', '881122', 'E', 9);
INSERT INTO tai_xe VALUES ('778899445', '775566', 'E', 7);
INSERT INTO tai_xe VALUES ('775444112', '447755', 'E', 7);
INSERT INTO tai_xe VALUES ('333558888', '551122', 'D', 5);

INSERT INTO tai_xe VALUES ('999758468', '223311', 'D', 4);
INSERT INTO tai_xe VALUES ('444466668', '551122', 'D', 5);

/*************************************************************************************************************/

INSERT INTO tuyen VALUES ('HCM-DL', '2 chuyen');
INSERT INTO tuyen VALUES ('DL-HCM', '2 chuyen');

INSERT INTO tuyen VALUES ('BL-DL', '1 chuyen');
INSERT INTO tuyen VALUES ('DL-BL', '1chuyen');

/*************************************************************************************************************/
INSERT INTO chuyen VALUES ('HCM-DL', '2023-02-01 06:00:00');
INSERT INTO chuyen VALUES ('HCM-DL', '2023-02-01 08:00:00');

INSERT INTO chuyen VALUES ('DL-HCM', '2023-02-01 06:00:00');
INSERT INTO chuyen VALUES ('DL-HCM', '2023-02-01 08:00:00');

INSERT INTO chuyen VALUES ('BL-DL', '2023-02-01 06:00:00');
INSERT INTO chuyen VALUES ('DL-BL', '2023-02-01 06:00:00');
/*************************************************************************************************************/

INSERT INTO chuyen VALUES ('HCM-DL', '2023-02-06 06:00:00');
INSERT INTO chuyen VALUES ('HCM-DL', '2023-02-06 08:00:00');

INSERT INTO chuyen VALUES ('DL-HCM', '2023-02-06 06:00:00');
INSERT INTO chuyen VALUES ('DL-HCM', '2023-02-06 08:00:00');

INSERT INTO chuyen VALUES ('BL-DL', '2023-02-06 06:00:00');
INSERT INTO chuyen VALUES ('DL-BL', '2023-02-06 06:00:00');
/*************************************************************************************************************/

INSERT INTO chuyen VALUES ('HCM-DL', '2023-02-11 06:00:00');
INSERT INTO chuyen VALUES ('HCM-DL', '2023-02-11 08:00:00');

INSERT INTO chuyen VALUES ('DL-HCM', '2023-02-11 06:00:00');
INSERT INTO chuyen VALUES ('DL-HCM', '2023-02-11 08:00:00');

INSERT INTO chuyen VALUES ('BL-DL', '2023-02-11 06:00:00');
INSERT INTO chuyen VALUES ('DL-BL', '2023-02-11 06:00:00');
/*************************************************************************************************************/

INSERT INTO chuyen VALUES ('HCM-DL', '2023-02-20 06:00:00');
INSERT INTO chuyen VALUES ('HCM-DL', '2023-02-20 08:00:00');

INSERT INTO chuyen VALUES ('DL-HCM', '2023-02-20 06:00:00');
INSERT INTO chuyen VALUES ('DL-HCM', '2023-02-20 08:00:00');

INSERT INTO chuyen VALUES ('BL-DL', '2023-02-20 06:00:00');
INSERT INTO chuyen VALUES ('DL-BL', '2023-02-20 06:00:00');


INSERT INTO di_qua VALUES ('A', 'HCM-DL',1,0);
INSERT INTO di_qua VALUES ('B', 'HCM-DL',2,150000);
INSERT INTO di_qua VALUES ('C', 'HCM-DL',3,300000);
INSERT INTO di_qua VALUES ('D', 'HCM-DL',4,400000);

INSERT INTO di_qua VALUES ('D', 'DL-HCM', 1,0);
INSERT INTO di_qua VALUES ('C', 'DL-HCM',2,100000);
INSERT INTO di_qua VALUES ('B', 'DL-HCM',3,250000);
INSERT INTO di_qua VALUES ('A', 'DL-HCM',4,400000);


INSERT INTO di_qua VALUES ('E', 'BL-DL',1,0);
INSERT INTO di_qua VALUES ('C', 'BL-DL',2,100000);
INSERT INTO di_qua VALUES ('D', 'BL-DL',3,150000);

INSERT INTO di_qua VALUES ('D', 'DL-BL',1,0);
INSERT INTO di_qua VALUES ('C', 'DL-BL',2,50000);
INSERT INTO di_qua VALUES ('E', 'DL-BL',3,150000);



/*Chay*/
INSERT INTO Chay VALUES ('551122', 'HCM-DL','2023-02-01 06:00:00',20);
INSERT INTO Chay VALUES ('551122', 'HCM-DL','2023-02-11 06:00:00',20);
INSERT INTO Chay VALUES ('551122', 'DL-HCM','2023-02-06 06:00:00',20);
INSERT INTO Chay VALUES ('551122', 'DL-HCM','2023-02-20 06:00:00',20);

INSERT INTO Chay VALUES ('667788', 'HCM-DL','2023-02-01 08:00:00',20);
INSERT INTO Chay VALUES ('667788', 'HCM-DL','2023-02-11 08:00:00',20);
INSERT INTO Chay VALUES ('667788', 'DL-HCM','2023-02-06 08:00:00',20);
INSERT INTO Chay VALUES ('667788', 'DL-HCM','2023-02-20 08:00:00',20);

INSERT INTO Chay VALUES ('775566', 'HCM-DL','2023-02-06 06:00:00',20);
INSERT INTO Chay VALUES ('775566', 'HCM-DL','2023-02-20 06:00:00',20);
INSERT INTO Chay VALUES ('775566', 'DL-HCM','2023-02-01 06:00:00',20);
INSERT INTO Chay VALUES ('775566', 'DL-HCM','2023-02-11 06:00:00',20);

INSERT INTO Chay VALUES ('881122', 'HCM-DL','2023-02-06 08:00:00',20);
INSERT INTO Chay VALUES ('881122', 'HCM-DL','2023-02-20 08:00:00',20);
INSERT INTO Chay VALUES ('881122', 'DL-HCM','2023-02-01 08:00:00',20);
INSERT INTO Chay VALUES ('881122', 'DL-HCM','2023-02-11 08:00:00',20);

INSERT INTO Chay VALUES ('223311', 'BL-DL','2023-02-01 06:00:00',20);
INSERT INTO Chay VALUES ('223311', 'BL-DL','2023-02-11 06:00:00',20);
INSERT INTO Chay VALUES ('223311', 'DL-BL','2023-02-06 06:00:00',20);
INSERT INTO Chay VALUES ('223311', 'DL-BL','2023-02-20 06:00:00',20);

INSERT INTO Chay VALUES ('447755', 'BL-DL','2023-02-06 06:00:00',20);
INSERT INTO Chay VALUES ('447755', 'BL-DL','2023-02-20 06:00:00',20);
INSERT INTO Chay VALUES ('447755', 'DL-BL','2023-02-01 06:00:00',20);
INSERT INTO Chay VALUES ('447755', 'DL-BL','2023-02-11 06:00:00',20);

/*************************************************************************************************************/
/*01/02/2023*/
/*A-B*/
INSERT INTO ve_xe VALUES ('999999999','A','B','HCM-DL','2023-02-01 06:00:00','551122','111111111', '111111111','2023-01-25 07:00:00',null);
/*************************************************************************************************************/
INSERT INTO ve_xe VALUES ('888888888','A','B','HCM-DL','2023-02-01 08:00:00','667788','222222222', '111111111','2023-01-25 09:30:00',null);
/*A-C*/
INSERT INTO ve_xe VALUES ('777777777','A','C','HCM-DL','2023-02-01 06:00:00','551122','333333333', '666666666','2023-01-27 15:00:00',null);
INSERT INTO ve_xe VALUES ('555555555','A','C','HCM-DL','2023-02-01 06:00:00','551122','444444444', '666666666','2023-01-28 16:30:00',null);
/*************************************************************************************************************/
INSERT INTO ve_xe VALUES ('666666666','A','C','HCM-DL','2023-02-01 08:00:00','667788','555555555', '333333333','2023-01-29 09:00:00',null);
/*A-D*/
INSERT INTO ve_xe VALUES ('444444444','A','D','HCM-DL','2023-02-01 06:00:00','551122','666666666', '666666666','2023-01-30 15:00:00',null);
INSERT INTO ve_xe VALUES ('333333333','A','D','HCM-DL','2023-02-01 06:00:00','551122','666666666', '666666666','2023-01-28 15:00:00',null);
INSERT INTO ve_xe VALUES ('222222222','A','D','HCM-DL','2023-02-01 06:00:00','551122','777777777', '222222222','2023-01-26 09:00:00',null);
INSERT INTO ve_xe VALUES ('111111111','A','D','HCM-DL','2023-02-01 06:00:00','551122','888888888', '111111111','2023-01-25 13:00:00' ,null);
INSERT INTO ve_xe VALUES ('111111112','A','D','HCM-DL','2023-02-01 06:00:00','551122','999999999', '111111111','2023-01-26 09:00:00' ,null);
INSERT INTO ve_xe VALUES ('111111113','A','D','HCM-DL','2023-02-01 06:00:00','551122','999999999', '111111111','2023-01-19 09:00:00',null);
INSERT INTO ve_xe VALUES ('111111114','A','D','HCM-DL','2023-02-01 06:00:00','551122','aaaaaaaaa', '444444444','2023-01-19 10:00:00' ,null);
/*************************************************************************************************************/
INSERT INTO ve_xe VALUES ('111111115','A','D','HCM-DL','2023-02-01 08:00:00','667788','bbbbbbbbb', '222222222','2023-01-19 07:20:00',null);
INSERT INTO ve_xe VALUES ('111111116','A','D','HCM-DL','2023-02-01 08:00:00','667788','bbbbbbbbb', '222222222','2023-01-30 07:20:00',null);
INSERT INTO ve_xe VALUES ('111111117','A','D','HCM-DL','2023-02-01 08:00:00','667788','ccccccccc', '777777777','2023-01-19 14:20:00',null);
INSERT INTO ve_xe VALUES ('111111118','A','D','HCM-DL','2023-02-01 08:00:00','667788','ddddddddd', '999999999','2023-01-26 19:20:00',null );
INSERT INTO ve_xe VALUES ('111111119','A','D','HCM-DL','2023-02-01 08:00:00','667788','eeeeeeeee', '888888888','2023-01-23 20:00:00',null);
INSERT INTO ve_xe VALUES ('222222221','A','D','HCM-DL','2023-02-01 08:00:00','667788','eeeeeeeee', '888888888','2023-01-19 20:00:00',null);
INSERT INTO ve_xe VALUES ('222222223','A','D','HCM-DL','2023-02-01 08:00:00','667788','fffffffff', '666666666','2023-01-27 16:00:00',null);


/*D-A*/
INSERT INTO ve_xe VALUES ('222222224','D','A','DL-HCM','2023-02-01 06:00:00','775566','ggggggggg', '666666666','2023-01-30 15:00:00',null);
INSERT INTO ve_xe VALUES ('222222225','D','A','DL-HCM','2023-02-01 06:00:00','775566','hhhhhhhhh', '888888888','2023-01-29 16:30:00',null);
INSERT INTO ve_xe VALUES ('222222226','D','A','DL-HCM','2023-02-01 06:00:00','775566','jjjjjjjjj', '333333333','2023-01-29 09:00:00',null);
INSERT INTO ve_xe VALUES ('222222227','D','A','DL-HCM','2023-02-01 06:00:00','775566','kkkkkkkkk', '444444444','2023-01-28 13:00:00' ,null);
/*************************************************************************************************************/
INSERT INTO ve_xe VALUES ('222222228','D','A','DL-HCM','2023-02-01 08:00:00','881122','qqqqqqqqq', '111111111','2023-01-27 9:00:00' ,null);
INSERT INTO ve_xe VALUES ('222222229','D','A','DL-HCM','2023-02-01 08:00:00','881122','wwwwwwwww', '222222222','2023-01-26 10:30:00',null);
INSERT INTO ve_xe VALUES ('333333331','D','A','DL-HCM','2023-02-01 08:00:00','881122','rrrrrrrrr', '444444444','2023-01-19 09:00:00',null);
INSERT INTO ve_xe VALUES ('333333332','D','A','DL-HCM','2023-02-01 08:00:00','881122','ttttttttt', '444444444','2023-01-25 07:20:00',null);
INSERT INTO ve_xe VALUES ('333333334','D','A','DL-HCM','2023-02-01 08:00:00','881122','yyyyyyyyy', '111111111','2023-01-19 10:30:00',null);
/*D-B*/
INSERT INTO ve_xe VALUES ('333333335','D','B','DL-HCM','2023-02-01 06:00:00','775566','uuuuuuuuu', '888888888','2023-01-23 15:00:00',null);
/*************************************************************************************************************/
INSERT INTO ve_xe VALUES ('333333336','D','B','DL-HCM','2023-02-01 08:00:00','881122','iiiiiiiii', '777777777','2023-01-21 16:30:00',null);
/*D-C*/
INSERT INTO ve_xe VALUES ('333333337','D','C','DL-HCM','2023-02-01 06:00:00','775566','333333333', '777777777','2023-01-28 15:00:00',null);


/*E-C*/
INSERT INTO ve_xe VALUES ('333333338','E','C','BL-DL','2023-02-01 06:00:00','223311','444444444', '777777777','2023-01-27 15:00:00',null);
/*E-D*/
INSERT INTO ve_xe VALUES ('333333339','E','D','BL-DL','2023-02-01 06:00:00','223311','555555555', '999999999','2023-01-24 15:00:00',null);
INSERT INTO ve_xe VALUES ('444444441','E','D','BL-DL','2023-02-01 06:00:00','223311','666666666', 'aaaaaaaaa','2023-01-21 08:00:00',null);


/*D-E*/
INSERT INTO ve_xe VALUES ('444444442','D','E','DL-BL','2023-02-01 06:00:00','447755','777777777', 'aaaaaaaaa','2023-01-20 15:00:00',null);
INSERT INTO ve_xe VALUES ('444444443','D','E','DL-BL','2023-02-01 06:00:00','447755','888888888', '444444444','2023-01-19 09:00:00',null);
/*06/02/2023#################################################################################################################################*/
/*A-B*/
INSERT INTO ve_xe VALUES ('199999999','A','B','HCM-DL','2023-02-06 06:00:00','775566','aaaaaaaaa', '111111111','2023-01-25 07:00:00',null);
/*************************************************************************************************************/
INSERT INTO ve_xe VALUES ('188888888','A','B','HCM-DL','2023-02-06 08:00:00','881122','wwwwwwwww', '444444444','2023-01-25 09:30:00',null);
/*A-C*/
INSERT INTO ve_xe VALUES ('177777777','A','C','HCM-DL','2023-02-06 06:00:00','775566','eeeeeeeee', '888888888','2023-01-27 15:00:00',null);
INSERT INTO ve_xe VALUES ('155555555','A','C','HCM-DL','2023-02-06 06:00:00','775566','444444444', '999999999','2023-01-28 16:30:00',null);
/*************************************************************************************************************/
INSERT INTO ve_xe VALUES ('166666666','A','C','HCM-DL','2023-02-06 08:00:00','881122','333333333', '111111111','2023-01-29 09:00:00',null);
/*A-D*/
INSERT INTO ve_xe VALUES ('144444444','A','D','HCM-DL','2023-02-06 06:00:00','775566','888888888', '666666666','2023-01-30 15:00:00',null);
INSERT INTO ve_xe VALUES ('133333333','A','D','HCM-DL','2023-02-06 06:00:00','775566','888888888', '666666666','2023-01-28 15:00:00',null);
INSERT INTO ve_xe VALUES ('122222222','A','D','HCM-DL','2023-02-06 06:00:00','775566','hhhhhhhhh', '222222222','2023-01-26 09:00:00',null);
INSERT INTO ve_xe VALUES ('911111111','A','D','HCM-DL','2023-02-06 06:00:00','775566','555555555', '222222222','2023-01-25 13:00:00' ,null);
INSERT INTO ve_xe VALUES ('911111112','A','D','HCM-DL','2023-02-06 06:00:00','775566','222222222', '111111111','2023-01-26 09:00:00' ,null);
INSERT INTO ve_xe VALUES ('911111113','A','D','HCM-DL','2023-02-06 06:00:00','775566','222222222', '111111111','2023-01-19 09:00:00',null);
INSERT INTO ve_xe VALUES ('911111114','A','D','HCM-DL','2023-02-06 06:00:00','775566','iiiiiiiii', '333333333','2023-01-19 10:00:00' ,null);
/**************************9**********************************************************************************/
INSERT INTO ve_xe VALUES ('911111115','A','D','HCM-DL','2023-02-06 08:00:00','881122','rrrrrrrrr', '555555555','2023-01-19 07:20:00',null);
INSERT INTO ve_xe VALUES ('911111116','A','D','HCM-DL','2023-02-06 08:00:00','881122','rrrrrrrrr', '555555555','2023-01-30 07:20:00',null);
INSERT INTO ve_xe VALUES ('911111117','A','D','HCM-DL','2023-02-06 08:00:00','881122','yyyyyyyyy', '222222222','2023-01-19 14:20:00',null);
INSERT INTO ve_xe VALUES ('911111118','A','D','HCM-DL','2023-02-06 08:00:00','881122','fffffffff', '777777777','2023-01-26 19:20:00' ,null);
INSERT INTO ve_xe VALUES ('911111119','A','D','HCM-DL','2023-02-06 08:00:00','881122','jjjjjjjjj', '666666666','2023-01-23 20:00:00',null);
INSERT INTO ve_xe VALUES ('122222221','A','D','HCM-DL','2023-02-06 08:00:00','881122','jjjjjjjjj', '666666666','2023-01-19 20:00:00',null);
INSERT INTO ve_xe VALUES ('122222223','A','D','HCM-DL','2023-02-06 08:00:00','881122','iiiiiiiii', '999999999','2023-01-27 16:00:00',null);

/*D-A*/
INSERT INTO ve_xe VALUES ('122222224','D','A','DL-HCM','2023-02-06 06:00:00','551122','555555555', '888888888','2023-01-30 15:00:00',null);
INSERT INTO ve_xe VALUES ('122222225','D','A','DL-HCM','2023-02-06 06:00:00','551122','777777777', '999999999','2023-01-29 16:30:00',null);
INSERT INTO ve_xe VALUES ('122222226','D','A','DL-HCM','2023-02-06 06:00:00','551122','555555555', '666666666','2023-01-29 09:00:00',null);
INSERT INTO ve_xe VALUES ('122222227','D','A','DL-HCM','2023-02-06 06:00:00','551122','333333333', '666666666','2023-01-28 13:00:00' ,null);
/*************************************************************************************************************/
INSERT INTO ve_xe VALUES ('122222228','D','A','DL-HCM','2023-02-06 08:00:00','667788','wwwwwwwww', '222222222','2023-01-27 9:00:00' ,null);
INSERT INTO ve_xe VALUES ('122222229','D','A','DL-HCM','2023-02-06 08:00:00','667788','ggggggggg', '333333333','2023-01-26 10:30:00',null);
INSERT INTO ve_xe VALUES ('133333331','D','A','DL-HCM','2023-02-06 08:00:00','667788','rrrrrrrrr', '333333333','2023-01-19 09:00:00',null);
INSERT INTO ve_xe VALUES ('133333332','D','A','DL-HCM','2023-02-06 08:00:00','667788','hhhhhhhhh', '222222222','2023-01-25 07:20:00',null);
INSERT INTO ve_xe VALUES ('133333334','D','A','DL-HCM','2023-02-06 08:00:00','667788','kkkkkkkkk', '111111111','2023-01-19 10:30:00',null);
/*D-B*/
INSERT INTO ve_xe VALUES ('133333335','D','B','DL-HCM','2023-02-06 06:00:00','551122','999999999', '666666666','2023-01-23 15:00:00',null);
/*************************************************************************************************************/
INSERT INTO ve_xe VALUES ('133333336','D','B','DL-HCM','2023-02-06 08:00:00','667788','111111111', '888888888','2023-01-21 16:30:00',null);
/*D-C*/
INSERT INTO ve_xe VALUES ('133333337','D','C','DL-HCM','2023-02-06 06:00:00','551122','333333333', 'aaaaaaaaa','2023-01-28 15:00:00',null);

/*E-C*/
INSERT INTO ve_xe VALUES ('133333338','E','C','BL-DL','2023-02-06 06:00:00','447755','bbbbbbbbb', '888888888','2023-01-27 15:00:00',null);
/*E-D*/
INSERT INTO ve_xe VALUES ('133333339','E','D','BL-DL','2023-02-06 06:00:00','447755','ccccccccc', '666666666','2023-01-24 15:00:00',null);
INSERT INTO ve_xe VALUES ('144444441','E','D','BL-DL','2023-02-06 06:00:00','447755','ddddddddd', '111111111','2023-01-21 08:00:00',null);

/*D-E*/
INSERT INTO ve_xe VALUES ('144444442','D','E','DL-BL','2023-02-06 06:00:00','223311','wwwwwwwww', '666666666','2023-01-20 15:00:00',null);
INSERT INTO ve_xe VALUES ('144444443','D','E','DL-BL','2023-02-06 06:00:00','223311','666666666', '444444444','2023-01-19 09:00:00',null);

/*11/02/2023#################################################################################################################################*/
/*A-B*/
INSERT INTO ve_xe VALUES ('299999999','A','B','HCM-DL','2023-02-11 06:00:00','551122','ggggggggg', '222222222','2023-01-25 07:00:00',null);
/**************************2**********************************************************************************/
INSERT INTO ve_xe VALUES ('288888888','A','B','HCM-DL','2023-02-11 08:00:00','667788','555555555', '333333333','2023-01-25 09:30:00',null);
/*A-C*/
INSERT INTO ve_xe VALUES ('277777777','A','C','HCM-DL','2023-02-11 06:00:00','551122','777777777', '777777777','2023-01-27 15:00:00',null);
INSERT INTO ve_xe VALUES ('255555555','A','C','HCM-DL','2023-02-11 06:00:00','551122','kkkkkkkkk', '666666666','2023-01-28 16:30:00',null);
/*************************************************************************************************************/
INSERT INTO ve_xe VALUES ('266666666','A','C','HCM-DL','2023-02-11 08:00:00','667788','aaaaaaaaa', '111111111','2023-01-29 09:00:00',null);
/*A-D*/
/*11/02/2023#################################################################################################################################*/
/*A-B*/
INSERT INTO ve_xe VALUES ('244444444','A','D','HCM-DL','2023-02-11 06:00:00','551122','yyyyyyyyy', '888888888','2023-01-30 15:00:00',null);
INSERT INTO ve_xe VALUES ('233333333','A','D','HCM-DL','2023-02-11 06:00:00','551122','yyyyyyyyy', '888888888','2023-01-28 15:00:00',null);
INSERT INTO ve_xe VALUES ('322222222','A','D','HCM-DL','2023-02-11 06:00:00','551122','eeeeeeeee', '333333333','2023-01-26 09:00:00',null);
INSERT INTO ve_xe VALUES ('211111111','A','D','HCM-DL','2023-02-11 06:00:00','551122','rrrrrrrrr', '444444444','2023-01-25 13:00:00' ,null);
INSERT INTO ve_xe VALUES ('211111112','A','D','HCM-DL','2023-02-11 06:00:00','551122','qqqqqqqqq', '222222222','2023-01-26 09:00:00' ,null);
INSERT INTO ve_xe VALUES ('211111113','A','D','HCM-DL','2023-02-11 06:00:00','551122','qqqqqqqqq', '222222222','2023-01-19 09:00:00',null);
INSERT INTO ve_xe VALUES ('211111114','A','D','HCM-DL','2023-02-11 06:00:00','551122','ttttttttt', '111111111','2023-01-19 10:00:00' ,null);
/*************************************************************************************************************/
INSERT INTO ve_xe VALUES ('211111115','A','D','HCM-DL','2023-02-11 08:00:00','667788','uuuuuuuuu', '111111111','2023-01-19 07:20:00',null);
INSERT INTO ve_xe VALUES ('211111116','A','D','HCM-DL','2023-02-11 08:00:00','667788','uuuuuuuuu', '111111111','2023-01-30 07:20:00',null);
INSERT INTO ve_xe VALUES ('211111117','A','D','HCM-DL','2023-02-11 08:00:00','667788','444444444', '333333333','2023-01-19 14:20:00',null);
INSERT INTO ve_xe VALUES ('211111118','A','D','HCM-DL','2023-02-11 08:00:00','667788','888888888', '888888888','2023-01-26 19:20:00',null );
INSERT INTO ve_xe VALUES ('211111119','A','D','HCM-DL','2023-02-11 08:00:00','667788','kkkkkkkkk', '999999999','2023-01-23 20:00:00',null);
INSERT INTO ve_xe VALUES ('922222221','A','D','HCM-DL','2023-02-11 08:00:00','667788','kkkkkkkkk', '999999999','2023-01-19 20:00:00',null);
INSERT INTO ve_xe VALUES ('922222223','A','D','HCM-DL','2023-02-11 08:00:00','667788','hhhhhhhhh', '666666666','2023-01-27 16:00:00',null);

/*D-A*/
INSERT INTO ve_xe VALUES ('922222224','D','A','DL-HCM','2023-02-11 06:00:00','775566','hhhhhhhhh', '777777777','2023-01-30 15:00:00',null);
INSERT INTO ve_xe VALUES ('922222225','D','A','DL-HCM','2023-02-11 06:00:00','775566','ddddddddd', '888888888','2023-01-29 16:30:00',null);
INSERT INTO ve_xe VALUES ('922222226','D','A','DL-HCM','2023-02-11 06:00:00','775566','yyyyyyyyy', '222222222','2023-01-29 09:00:00',null);
INSERT INTO ve_xe VALUES ('922222227','D','A','DL-HCM','2023-02-11 06:00:00','775566','bbbbbbbbb', '222222222','2023-01-28 13:00:00',null );
/*************************************************************************************************************/
INSERT INTO ve_xe VALUES ('922222228','D','A','DL-HCM','2023-02-11 08:00:00','881122','wwwwwwwww', '111111111','2023-01-27 9:00:00' ,null);
INSERT INTO ve_xe VALUES ('922222229','D','A','DL-HCM','2023-02-11 08:00:00','881122','ttttttttt', '111111111','2023-01-26 10:30:00',null);
INSERT INTO ve_xe VALUES ('233333331','D','A','DL-HCM','2023-02-11 08:00:00','881122','333333333', '333333333','2023-01-19 09:00:00',null);
INSERT INTO ve_xe VALUES ('233333332','D','A','DL-HCM','2023-02-11 08:00:00','881122','uuuuuuuuu', '333333333','2023-01-25 07:20:00',null);
INSERT INTO ve_xe VALUES ('233333334','D','A','DL-HCM','2023-02-11 08:00:00','881122','fffffffff', '222222222','2023-01-19 10:30:00',null);
/*D-B*/
INSERT INTO ve_xe VALUES ('233333335','D','B','DL-HCM','2023-02-11 06:00:00','775566','ggggggggg', '888888888','2023-01-23 15:00:00',null);
/*************************************************************************************************************/
INSERT INTO ve_xe VALUES ('233333336','D','B','DL-HCM','2023-02-11 08:00:00','881122','fffffffff', 'aaaaaaaaa','2023-01-21 16:30:00',null);
/*D-C*/
INSERT INTO ve_xe VALUES ('233333337','D','C','DL-HCM','2023-02-11 06:00:00','775566','555555555', '999999999','2023-01-28 15:00:00',null);

/*E-C*/
INSERT INTO ve_xe VALUES ('233333338','E','C','BL-DL','2023-02-11 06:00:00','223311','666666666', '888888888','2023-01-27 15:00:00',null);
/*E-D*/
INSERT INTO ve_xe VALUES ('233333339','E','D','BL-DL','2023-02-11 06:00:00','223311','777777777', '666666666','2023-01-24 15:00:00',null);
INSERT INTO ve_xe VALUES ('244444441','E','D','BL-DL','2023-02-11 06:00:00','223311','ddddddddd', '222222222','2023-01-21 08:00:00',null);

/*D-E*/
INSERT INTO ve_xe VALUES ('244444442','D','E','DL-BL','2023-02-11 06:00:00','447755','ttttttttt', '666666666','2023-01-20 15:00:00',null);
INSERT INTO ve_xe VALUES ('244444443','D','E','DL-BL','2023-02-11 06:00:00','447755','uuuuuuuuu', '444444444','2023-01-19 09:00:00',null);

/*20/02/2023###########################################################################################################################################################*/
/*A-B*/
INSERT INTO ve_xe VALUES ('399999999','A','B','HCM-DL','2023-02-20 06:00:00','775566','111111111', '111111111','2023-01-25 07:00:00',null);
/*************************************************************************************************************/
INSERT INTO ve_xe VALUES ('388888888','A','B','HCM-DL','2023-02-20 08:00:00','881122','222222222', '111111111','2023-01-25 09:30:00',null);
/*A-C*/
INSERT INTO ve_xe VALUES ('377777777','A','C','HCM-DL','2023-02-20 06:00:00','775566','333333333', '777777777','2023-01-27 15:00:00',null);
INSERT INTO ve_xe VALUES ('355555555','A','C','HCM-DL','2023-02-20 06:00:00','775566','444444444', '999999999','2023-01-28 16:30:00',null);
/*************************************************************************************************************/
INSERT INTO ve_xe VALUES ('366666666','A','C','HCM-DL','2023-02-20 08:00:00','881122','555555555', '111111111','2023-01-29 09:00:00',null);
/*A-D*/
INSERT INTO ve_xe VALUES ('344444444','A','D','HCM-DL','2023-02-20 06:00:00','775566','666666666', '999999999','2023-01-30 15:00:00',null);
INSERT INTO ve_xe VALUES ('433333333','A','D','HCM-DL','2023-02-20 06:00:00','775566','666666666', '999999999','2023-01-28 15:00:00',null);
INSERT INTO ve_xe VALUES ('422222222','A','D','HCM-DL','2023-02-20 06:00:00','775566','777777777', '555555555','2023-01-26 09:00:00',null);
INSERT INTO ve_xe VALUES ('311111111','A','D','HCM-DL','2023-02-20 06:00:00','775566','888888888', '222222222','2023-01-25 13:00:00' ,null);
INSERT INTO ve_xe VALUES ('311111112','A','D','HCM-DL','2023-02-20 06:00:00','775566','999999999', '111111111','2023-01-26 09:00:00' ,null);
INSERT INTO ve_xe VALUES ('311111113','A','D','HCM-DL','2023-02-20 06:00:00','775566','999999999', '111111111','2023-01-19 09:00:00',null);
INSERT INTO ve_xe VALUES ('311111114','A','D','HCM-DL','2023-02-20 06:00:00','775566','aaaaaaaaa', '333333333','2023-01-19 10:00:00',null );
/*************************************************************************************************************/
INSERT INTO ve_xe VALUES ('311111115','A','D','HCM-DL','2023-02-20 08:00:00','881122','bbbbbbbbb', '444444444','2023-01-19 07:20:00',null);
INSERT INTO ve_xe VALUES ('311111116','A','D','HCM-DL','2023-02-20 08:00:00','881122','bbbbbbbbb', '444444444','2023-01-30 07:20:00',null);
INSERT INTO ve_xe VALUES ('311111117','A','D','HCM-DL','2023-02-20 08:00:00','881122','ccccccccc', '333333333','2023-01-19 14:20:00',null);
/* ve_xe */
INSERT INTO ve_xe VALUES ('311111118','A','D','HCM-DL','2023-02-20 08:00:00','881122','ddddddddd', '222222222','2023-01-26 19:20:00' ,null);
INSERT INTO ve_xe VALUES ('311111119','A','D','HCM-DL','2023-02-20 08:00:00','881122','hhhhhhhhh', '444444444','2023-01-23 20:00:00',null);
INSERT INTO ve_xe VALUES ('322222221','A','D','HCM-DL','2023-02-20 08:00:00','881122','hhhhhhhhh', '444444444','2023-01-19 20:00:00',null);
INSERT INTO ve_xe VALUES ('322222223','A','D','HCM-DL','2023-02-20 08:00:00','881122','fffffffff', '888888888','2023-01-27 16:00:00',null);

/* D-A */
INSERT INTO ve_xe VALUES ('322222224','D','A','DL-HCM','2023-02-20 06:00:00','551122','ggggggggg', '999999999','2023-01-30 15:00:00',null);
INSERT INTO ve_xe VALUES ('322222225','D','A','DL-HCM','2023-02-20 06:00:00','551122','hhhhhhhhh', '888888888','2023-01-29 16:30:00',null);
INSERT INTO ve_xe VALUES ('322222226','D','A','DL-HCM','2023-02-20 06:00:00','551122','jjjjjjjjj', '111111111','2023-01-29 09:00:00',null);
INSERT INTO ve_xe VALUES ('322222227','D','A','DL-HCM','2023-02-20 06:00:00','551122','kkkkkkkkk', '444444444','2023-01-28 13:00:00',null);

/* D-A (cont.) */
INSERT INTO ve_xe VALUES ('322222228','D','A','DL-HCM','2023-02-20 08:00:00','667788','qqqqqqqqq', '222222222','2023-01-27 09:00:00' ,null);
INSERT INTO ve_xe VALUES ('322222229','D','A','DL-HCM','2023-02-20 08:00:00','667788','wwwwwwwww', '444444444','2023-01-26 10:30:00',null);
INSERT INTO ve_xe VALUES ('933333331','D','A','DL-HCM','2023-02-20 08:00:00','667788','rrrrrrrrr', '444444444','2023-01-19 09:00:00',null);
INSERT INTO ve_xe VALUES ('933333332','D','A','DL-HCM','2023-02-20 08:00:00','667788','ttttttttt', '111111111','2023-01-25 07:20:00',null);
INSERT INTO ve_xe VALUES ('933333334','D','A','DL-HCM','2023-02-20 08:00:00','667788','yyyyyyyyy', '333333333','2023-01-19 10:30:00',null);

/* D-B */
INSERT INTO ve_xe VALUES ('933333335','D','B','DL-HCM','2023-02-20 06:00:00','551122','uuuuuuuuu', '666666666','2023-01-23 15:00:00',null);

/* D-B (cont.) */
INSERT INTO ve_xe VALUES ('933333336','D','B','DL-HCM','2023-02-20 08:00:00','667788','iiiiiiiii', '888888888','2023-01-21 16:30:00',null);

/* D-C */
INSERT INTO ve_xe VALUES ('933333337','D','C','DL-HCM','2023-02-20 06:00:00','551122','333333333', 'aaaaaaaaa','2023-01-28 15:00:00',null);

/* E-C */
INSERT INTO ve_xe VALUES ('933333338','E','C','BL-DL','2023-02-20 06:00:00','447755','444444444', '666666666','2023-01-27 15:00:00',null);

/* E-D */
INSERT INTO ve_xe VALUES ('933333339','E','D','BL-DL','2023-02-20 06:00:00','447755','555555555', '888888888','2023-01-24 15:00:00',null);
INSERT INTO ve_xe VALUES ('344444441','E','D','BL-DL','2023-02-20 06:00:00','447755','666666666', '111111111','2023-01-21 08:00:00',null);


/* D-E */
INSERT INTO ve_xe VALUES ('344444442','D','E','DL-BL','2023-02-20 06:00:00','223311','777777777', 'aaaaaaaaa','2023-01-20 15:00:00',null);
INSERT INTO ve_xe VALUES ('344444443','D','E','DL-BL','2023-02-20 06:00:00','223311','888888888', '555555555','2023-01-19 09:00:00',null);


/*************************************************************************************************************/

INSERT INTO hanh_khach VALUES ('999999999', '1');
INSERT INTO hanh_khach VALUES ('888888888', '2');
INSERT INTO hanh_khach VALUES ('777777777', '1');
INSERT INTO hanh_khach VALUES ('666666666', '3');
INSERT INTO hanh_khach VALUES ('555555555', '1');
INSERT INTO hanh_khach VALUES ('444444444', '1');
INSERT INTO hanh_khach VALUES ('222222222', '1');
INSERT INTO hanh_khach VALUES ('111111111', '2');
INSERT INTO hanh_khach VALUES ('111111112', '1');
INSERT INTO hanh_khach VALUES ('111111114', '1');
INSERT INTO hanh_khach VALUES ('111111115', '2');
INSERT INTO hanh_khach VALUES ('111111117', '2');
INSERT INTO hanh_khach VALUES ('111111118', '1');
INSERT INTO hanh_khach VALUES ('111111119', '1');
INSERT INTO hanh_khach VALUES ('222222223', '1');
INSERT INTO hanh_khach VALUES ('222222224', '1');
INSERT INTO hanh_khach VALUES ('222222225', '3');
INSERT INTO hanh_khach VALUES ('222222226', '2');
INSERT INTO hanh_khach VALUES ('222222227', '2');
INSERT INTO hanh_khach VALUES ('222222228', '1');
INSERT INTO hanh_khach VALUES ('222222229', '2');
INSERT INTO hanh_khach VALUES ('333333331', '3');
INSERT INTO hanh_khach VALUES ('333333332', '1');
INSERT INTO hanh_khach VALUES ('333333334', '1');
INSERT INTO hanh_khach VALUES ('333333335', '2');
INSERT INTO hanh_khach VALUES ('333333336', '1');
INSERT INTO hanh_khach VALUES ('333333337', '3');
INSERT INTO hanh_khach VALUES ('333333338', '1');
INSERT INTO hanh_khach VALUES ('333333339', '2');
INSERT INTO hanh_khach VALUES ('444444441', '1');
INSERT INTO hanh_khach VALUES ('444444442', '1');
INSERT INTO hanh_khach VALUES ('444444443', '2');



INSERT INTO hanh_khach VALUES ('199999999', '1');
INSERT INTO hanh_khach VALUES ('188888888', '2');
INSERT INTO hanh_khach VALUES ('177777777', '1');
INSERT INTO hanh_khach VALUES ('166666666', '3');
INSERT INTO hanh_khach VALUES ('155555555', '1');
INSERT INTO hanh_khach VALUES ('144444444', '1');
INSERT INTO hanh_khach VALUES ('122222222', '1');
INSERT INTO hanh_khach VALUES ('911111111', '2');
INSERT INTO hanh_khach VALUES ('911111112', '1');
INSERT INTO hanh_khach VALUES ('911111114', '1');
INSERT INTO hanh_khach VALUES ('911111115', '2');
INSERT INTO hanh_khach VALUES ('911111117', '2');
INSERT INTO hanh_khach VALUES ('911111118', '1');
INSERT INTO hanh_khach VALUES ('911111119', '1');
INSERT INTO hanh_khach VALUES ('122222223', '1');
INSERT INTO hanh_khach VALUES ('122222224', '1');
INSERT INTO hanh_khach VALUES ('122222225', '3');
INSERT INTO hanh_khach VALUES ('122222226', '2');
INSERT INTO hanh_khach VALUES ('122222227', '2');
INSERT INTO hanh_khach VALUES ('122222228', '1');
INSERT INTO hanh_khach VALUES ('122222229', '2');
INSERT INTO hanh_khach VALUES ('133333331', '3');
INSERT INTO hanh_khach VALUES ('133333332', '1');
INSERT INTO hanh_khach VALUES ('133333334', '1');
INSERT INTO hanh_khach VALUES ('133333335', '2');
INSERT INTO hanh_khach VALUES ('133333336', '1');
INSERT INTO hanh_khach VALUES ('133333337', '3');
INSERT INTO hanh_khach VALUES ('133333338', '1');
INSERT INTO hanh_khach VALUES ('133333339', '2');
INSERT INTO hanh_khach VALUES ('144444441', '1');
INSERT INTO hanh_khach VALUES ('144444442', '1');
INSERT INTO hanh_khach VALUES ('144444443', '2');



INSERT INTO hanh_khach VALUES ('299999999', '1');
INSERT INTO hanh_khach VALUES ('288888888', '2');
INSERT INTO hanh_khach VALUES ('277777777', '1');
INSERT INTO hanh_khach VALUES ('266666666', '3');
INSERT INTO hanh_khach VALUES ('255555555', '1');
INSERT INTO hanh_khach VALUES ('244444444', '1');
INSERT INTO hanh_khach VALUES ('422222222', '1');
INSERT INTO hanh_khach VALUES ('211111111', '2');
INSERT INTO hanh_khach VALUES ('211111112', '1');
INSERT INTO hanh_khach VALUES ('211111114', '1');
INSERT INTO hanh_khach VALUES ('211111115', '2');
INSERT INTO hanh_khach VALUES ('211111117', '2');
INSERT INTO hanh_khach VALUES ('211111118', '1');
INSERT INTO hanh_khach VALUES ('211111119', '1');
INSERT INTO hanh_khach VALUES ('922222223', '1');
INSERT INTO hanh_khach VALUES ('922222224', '1');
INSERT INTO hanh_khach VALUES ('922222225', '3');
INSERT INTO hanh_khach VALUES ('922222226', '2');
INSERT INTO hanh_khach VALUES ('922222227', '2');
INSERT INTO hanh_khach VALUES ('922222228', '1');
INSERT INTO hanh_khach VALUES ('922222229', '2');
INSERT INTO hanh_khach VALUES ('233333331', '3');
INSERT INTO hanh_khach VALUES ('233333332', '1');
INSERT INTO hanh_khach VALUES ('233333334', '1');
INSERT INTO hanh_khach VALUES ('233333335', '2');
INSERT INTO hanh_khach VALUES ('233333336', '1');
INSERT INTO hanh_khach VALUES ('233333337', '3');
INSERT INTO hanh_khach VALUES ('233333338', '1');
INSERT INTO hanh_khach VALUES ('233333339', '2');
INSERT INTO hanh_khach VALUES ('244444441', '1');
INSERT INTO hanh_khach VALUES ('244444442', '1');
INSERT INTO hanh_khach VALUES ('244444443', '2');


INSERT INTO hanh_khach VALUES ('399999999', '1');
INSERT INTO hanh_khach VALUES ('388888888', '2');
INSERT INTO hanh_khach VALUES ('377777777', '1');
INSERT INTO hanh_khach VALUES ('366666666', '3');
INSERT INTO hanh_khach VALUES ('355555555', '1');
INSERT INTO hanh_khach VALUES ('344444444', '2');
INSERT INTO hanh_khach VALUES ('322222222', '1');
INSERT INTO hanh_khach VALUES ('311111111', '2');
INSERT INTO hanh_khach VALUES ('311111112', '1');
INSERT INTO hanh_khach VALUES ('311111114', '1');
INSERT INTO hanh_khach VALUES ('311111115', '2');
INSERT INTO hanh_khach VALUES ('311111117', '2');
INSERT INTO hanh_khach VALUES ('311111118', '1');
INSERT INTO hanh_khach VALUES ('311111119', '1');
INSERT INTO hanh_khach VALUES ('322222223', '1');
INSERT INTO hanh_khach VALUES ('322222224', '1');
INSERT INTO hanh_khach VALUES ('322222225', '3');
INSERT INTO hanh_khach VALUES ('322222226', '2');
INSERT INTO hanh_khach VALUES ('322222227', '2');
INSERT INTO hanh_khach VALUES ('322222228', '1');
INSERT INTO hanh_khach VALUES ('322222229', '2');
INSERT INTO hanh_khach VALUES ('933333331', '3');
INSERT INTO hanh_khach VALUES ('933333332', '1');
INSERT INTO hanh_khach VALUES ('933333334', '1');
INSERT INTO hanh_khach VALUES ('933333335', '2');
INSERT INTO hanh_khach VALUES ('933333336', '1');
INSERT INTO hanh_khach VALUES ('933333337', '3');
INSERT INTO hanh_khach VALUES ('933333338', '1');
INSERT INTO hanh_khach VALUES ('933333339', '2');
INSERT INTO hanh_khach VALUES ('344444441', '1');
INSERT INTO hanh_khach VALUES ('344444442', '1');
INSERT INTO hanh_khach VALUES ('344444443', '2');

/*************************************************************************************************************/


INSERT INTO van_chuyen_hang VALUES ('333333333', '0354876954','nguyen van A',200,0.5,0.2,1,'de vo',100000);
INSERT INTO van_chuyen_hang VALUES ('111111113', '0345987624','nguyen van B',300,1,0.3,0.4,'de vo',200000);
INSERT INTO van_chuyen_hang VALUES ('111111116', '0325445578','nguyen van C',150,0.2,0.8,0.7,'de vo',1200000);
INSERT INTO van_chuyen_hang VALUES ('222222221', '0322569845','nguyen van D',200,0.3,0.7,0.3,'de vo',150000);

INSERT INTO van_chuyen_hang VALUES ('133333333', '0322114457','nguyen van E',300,0.6,0.5,0.5,'de vo',245000);
INSERT INTO van_chuyen_hang VALUES ('911111113', '0325554876','nguyen van F',60,0.4,1,0.5,'de vo',50000);
INSERT INTO van_chuyen_hang VALUES ('911111116', '0326988857','nguyen van G',210,1.2,0.8,0.5,'de vo',110000);
INSERT INTO van_chuyen_hang VALUES ('122222221', '0355698741','nguyen van H',250,1,0.5,0.1,'de vo',150000);

INSERT INTO van_chuyen_hang VALUES ('233333333', '0325468542','nguyen van I',200,0.5,0.2,1,'de vo',100000);
INSERT INTO van_chuyen_hang VALUES ('211111113', '2145213526','nguyen van J',300,1,0.3,0.4,'de vo',200000);
INSERT INTO van_chuyen_hang VALUES ('211111116', '0321456875','nguyen van K',150,0.2,0.8,0.7,'de vo',1200000);
INSERT INTO van_chuyen_hang VALUES ('922222221', '0325145684','nguyen van L',200,0.3,0.7,0.3,'de vo',150000);

INSERT INTO van_chuyen_hang VALUES ('433333333', '0326598546','nguyen van M',300,0.6,0.5,0.5,'de vo',245000);
INSERT INTO van_chuyen_hang VALUES ('311111113', '0323654125','nguyen van N',60,0.4,1,0.5,'de vo',50000);
INSERT INTO van_chuyen_hang VALUES ('311111116', '0321456785','nguyen van O',210,1.2,0.8,0.5,'de vo',110000);
INSERT INTO van_chuyen_hang VALUES ('322222221', '0321456984','nguyen van P',250,1,0.5,0.1,'de vo',150000);






INSERT INTO ma_giuong VALUES ('999999999', 'B09');

INSERT INTO ma_giuong VALUES ('888888888', 'B09');
INSERT INTO ma_giuong VALUES ('888888888', 'B10');

INSERT INTO ma_giuong VALUES ('777777777', 'A10');
INSERT INTO ma_giuong VALUES ('666666666', 'A09');
INSERT INTO ma_giuong VALUES ('666666666', 'A08');
INSERT INTO ma_giuong VALUES ('666666666', 'A07');

INSERT INTO ma_giuong VALUES ('555555555', 'A08');

INSERT INTO ma_giuong VALUES ('444444444', 'A01');
INSERT INTO ma_giuong VALUES ('222222222', 'A02');
INSERT INTO ma_giuong VALUES ('111111111', 'A03');
INSERT INTO ma_giuong VALUES ('111111111', 'A04');
INSERT INTO ma_giuong VALUES ('111111112', 'A05');
INSERT INTO ma_giuong VALUES ('111111114', 'A06');

INSERT INTO ma_giuong VALUES ('111111115', 'B01');
INSERT INTO ma_giuong VALUES ('111111115', 'B03');
INSERT INTO ma_giuong VALUES ('111111117', 'B03');
INSERT INTO ma_giuong VALUES ('111111117', 'B04');
INSERT INTO ma_giuong VALUES ('111111118', 'B05');
INSERT INTO ma_giuong VALUES ('111111119', 'B06');
INSERT INTO ma_giuong VALUES ('222222223', 'B07');

INSERT INTO ma_giuong VALUES ('222222224', 'A01');
INSERT INTO ma_giuong VALUES ('222222225', 'A02');
INSERT INTO ma_giuong VALUES ('222222225', 'A03');
INSERT INTO ma_giuong VALUES ('222222225', 'A04');
INSERT INTO ma_giuong VALUES ('222222226', 'A05');
INSERT INTO ma_giuong VALUES ('222222226', 'A06');
INSERT INTO ma_giuong VALUES ('222222227', 'A07');
INSERT INTO ma_giuong VALUES ('222222227', 'A08');

INSERT INTO ma_giuong VALUES ('222222228', 'B01');
INSERT INTO ma_giuong VALUES ('222222229', 'B02');
INSERT INTO ma_giuong VALUES ('222222229', 'B03');
INSERT INTO ma_giuong VALUES ('333333331', 'B04');
INSERT INTO ma_giuong VALUES ('333333331', 'B05');
INSERT INTO ma_giuong VALUES ('333333331', 'B06');
INSERT INTO ma_giuong VALUES ('333333332', 'B07');
INSERT INTO ma_giuong VALUES ('333333334', 'B08');

INSERT INTO ma_giuong VALUES ('333333335', 'B09');
INSERT INTO ma_giuong VALUES ('333333335', 'B10');

INSERT INTO ma_giuong VALUES ('333333336', 'A09');

INSERT INTO ma_giuong VALUES ('333333337', 'B01');
INSERT INTO ma_giuong VALUES ('333333337', 'B02');
INSERT INTO ma_giuong VALUES ('333333337', 'B03');

INSERT INTO ma_giuong VALUES ('333333338', 'B01');
INSERT INTO ma_giuong VALUES ('333333339', 'B02');
INSERT INTO ma_giuong VALUES ('333333339', 'B03');
INSERT INTO ma_giuong VALUES ('444444441', 'B04');

INSERT INTO ma_giuong VALUES ('444444442', 'B01');
INSERT INTO ma_giuong VALUES ('444444443', 'B02');
INSERT INTO ma_giuong VALUES ('444444443', 'B03');







INSERT INTO ma_giuong VALUES ('199999999', 'B10');

INSERT INTO ma_giuong VALUES ('188888888', 'B10');
INSERT INTO ma_giuong VALUES ('188888888', 'B09');

INSERT INTO ma_giuong VALUES ('177777777', 'A07');
INSERT INTO ma_giuong VALUES ('166666666', 'A08');
INSERT INTO ma_giuong VALUES ('166666666', 'A09');
INSERT INTO ma_giuong VALUES ('166666666', 'A10');


INSERT INTO ma_giuong VALUES ('155555555', 'A07');

INSERT INTO ma_giuong VALUES ('144444444', 'A01');
INSERT INTO ma_giuong VALUES ('122222222', 'A02');
INSERT INTO ma_giuong VALUES ('911111111', 'A03');
INSERT INTO ma_giuong VALUES ('911111111', 'A04');
INSERT INTO ma_giuong VALUES ('911111112', 'A04');
INSERT INTO ma_giuong VALUES ('911111114', 'A05');

INSERT INTO ma_giuong VALUES ('911111115', 'B01');
INSERT INTO ma_giuong VALUES ('911111115', 'B02');
INSERT INTO ma_giuong VALUES ('911111117', 'B03');
INSERT INTO ma_giuong VALUES ('911111117', 'B04');
INSERT INTO ma_giuong VALUES ('911111118', 'B05');
INSERT INTO ma_giuong VALUES ('911111119', 'B06');
INSERT INTO ma_giuong VALUES ('122222223', 'B07');

INSERT INTO ma_giuong VALUES ('122222224', 'B01');
INSERT INTO ma_giuong VALUES ('122222225', 'B02');
INSERT INTO ma_giuong VALUES ('122222225', 'B03');
INSERT INTO ma_giuong VALUES ('122222225', 'B04');
INSERT INTO ma_giuong VALUES ('122222226', 'B05');
INSERT INTO ma_giuong VALUES ('122222226', 'B06');
INSERT INTO ma_giuong VALUES ('122222227', 'B07');
INSERT INTO ma_giuong VALUES ('122222227', 'B08');

INSERT INTO ma_giuong VALUES ('122222228', 'B01');
INSERT INTO ma_giuong VALUES ('122222229', 'B02');
INSERT INTO ma_giuong VALUES ('122222229', 'B03');
INSERT INTO ma_giuong VALUES ('133333331', 'B04');
INSERT INTO ma_giuong VALUES ('133333331', 'B05');
INSERT INTO ma_giuong VALUES ('133333331', 'B06');
INSERT INTO ma_giuong VALUES ('133333332', 'B07');
INSERT INTO ma_giuong VALUES ('133333334', 'B08');

INSERT INTO ma_giuong VALUES ('133333335', 'A01');
INSERT INTO ma_giuong VALUES ('133333335', 'A02');

INSERT INTO ma_giuong VALUES ('133333336', 'A02');

INSERT INTO ma_giuong VALUES ('133333337', 'A03');
INSERT INTO ma_giuong VALUES ('133333337', 'A04');
INSERT INTO ma_giuong VALUES ('133333337', 'A05');

INSERT INTO ma_giuong VALUES ('133333338', 'A01');
INSERT INTO ma_giuong VALUES ('133333339', 'A02');
INSERT INTO ma_giuong VALUES ('133333339', 'A03');
INSERT INTO ma_giuong VALUES ('144444441', 'A04');

INSERT INTO ma_giuong VALUES ('144444442', 'A01');
INSERT INTO ma_giuong VALUES ('144444443', 'A02');
INSERT INTO ma_giuong VALUES ('144444443', 'A03');









INSERT INTO ma_giuong VALUES ('299999999', 'A01');

INSERT INTO ma_giuong VALUES ('288888888', 'A02');
INSERT INTO ma_giuong VALUES ('288888888', 'A03');

INSERT INTO ma_giuong VALUES ('277777777', 'A04');
INSERT INTO ma_giuong VALUES ('266666666', 'A05');
INSERT INTO ma_giuong VALUES ('266666666', 'A06');
INSERT INTO ma_giuong VALUES ('266666666', 'A07');
 
INSERT INTO ma_giuong VALUES ('255555555', 'A08');

INSERT INTO ma_giuong VALUES ('244444444', 'B01');
INSERT INTO ma_giuong VALUES ('422222222', 'B02');
INSERT INTO ma_giuong VALUES ('211111111', 'B03');
INSERT INTO ma_giuong VALUES ('211111111', 'B04');
INSERT INTO ma_giuong VALUES ('211111112', 'B05');
INSERT INTO ma_giuong VALUES ('211111114', 'B06');

INSERT INTO ma_giuong VALUES ('211111115', 'B01');
INSERT INTO ma_giuong VALUES ('211111115', 'B02');
INSERT INTO ma_giuong VALUES ('211111117', 'B03');
INSERT INTO ma_giuong VALUES ('211111117', 'B04');
INSERT INTO ma_giuong VALUES ('211111118', 'B05');
INSERT INTO ma_giuong VALUES ('211111119', 'B06');
INSERT INTO ma_giuong VALUES ('922222223', 'B07');


INSERT INTO ma_giuong VALUES ('922222224', 'B01');
INSERT INTO ma_giuong VALUES ('922222225', 'B02');
INSERT INTO ma_giuong VALUES ('922222225', 'B03');
INSERT INTO ma_giuong VALUES ('922222225', 'B04');
INSERT INTO ma_giuong VALUES ('922222226', 'B05');
INSERT INTO ma_giuong VALUES ('922222226', 'B06');
INSERT INTO ma_giuong VALUES ('922222227', 'B07');
INSERT INTO ma_giuong VALUES ('922222227', 'B08');

INSERT INTO ma_giuong VALUES ('922222228', 'B01');
INSERT INTO ma_giuong VALUES ('922222229', 'B02');
INSERT INTO ma_giuong VALUES ('922222229', 'B03');
INSERT INTO ma_giuong VALUES ('233333331', 'B04');
INSERT INTO ma_giuong VALUES ('233333331', 'B05');
INSERT INTO ma_giuong VALUES ('233333331', 'B06');
INSERT INTO ma_giuong VALUES ('233333332', 'B07');
INSERT INTO ma_giuong VALUES ('233333334', 'B08');

INSERT INTO ma_giuong VALUES ('233333335', 'A01');
INSERT INTO ma_giuong VALUES ('233333335', 'A02');

INSERT INTO ma_giuong VALUES ('233333336', 'A03');

INSERT INTO ma_giuong VALUES ('233333337', 'A04');
INSERT INTO ma_giuong VALUES ('233333337', 'A05');
INSERT INTO ma_giuong VALUES ('233333337', 'A06');

INSERT INTO ma_giuong VALUES ('233333338', 'A01');
INSERT INTO ma_giuong VALUES ('233333339', 'A02');
INSERT INTO ma_giuong VALUES ('233333339', 'A03');
INSERT INTO ma_giuong VALUES ('244444441', 'A04');

INSERT INTO ma_giuong VALUES ('244444442', 'A01');
INSERT INTO ma_giuong VALUES ('244444443', 'A02');
INSERT INTO ma_giuong VALUES ('244444443', 'A03');








INSERT INTO ma_giuong VALUES ('399999999', 'B01');

INSERT INTO ma_giuong VALUES ('388888888', 'B02');
INSERT INTO ma_giuong VALUES ('388888888', 'B03');

INSERT INTO ma_giuong VALUES ('377777777', 'B04');
INSERT INTO ma_giuong VALUES ('366666666', 'B05');
INSERT INTO ma_giuong VALUES ('366666666', 'B06');
INSERT INTO ma_giuong VALUES ('366666666', 'B07');

INSERT INTO ma_giuong VALUES ('355555555', 'B08');

INSERT INTO ma_giuong VALUES ('344444444', 'A01');
INSERT INTO ma_giuong VALUES ('344444444', 'A02');
INSERT INTO ma_giuong VALUES ('322222222', 'A03');
INSERT INTO ma_giuong VALUES ('311111111', 'A04');
INSERT INTO ma_giuong VALUES ('311111111', 'A05');
INSERT INTO ma_giuong VALUES ('311111112', 'A06');
INSERT INTO ma_giuong VALUES ('311111114', 'A07');

INSERT INTO ma_giuong VALUES ('311111115', 'A01');
INSERT INTO ma_giuong VALUES ('311111115', 'A02');
INSERT INTO ma_giuong VALUES ('311111117', 'A03');
INSERT INTO ma_giuong VALUES ('311111117', 'A04');
INSERT INTO ma_giuong VALUES ('311111118', 'A05');
INSERT INTO ma_giuong VALUES ('311111119', 'A06');
INSERT INTO ma_giuong VALUES ('322222223', 'A07');

INSERT INTO ma_giuong VALUES ('322222224', 'A01');
INSERT INTO ma_giuong VALUES ('322222225', 'A02');
INSERT INTO ma_giuong VALUES ('322222225', 'A03');
INSERT INTO ma_giuong VALUES ('322222225', 'A04');
INSERT INTO ma_giuong VALUES ('322222226', 'A05');
INSERT INTO ma_giuong VALUES ('322222226', 'A06');
INSERT INTO ma_giuong VALUES ('322222227', 'A07');
INSERT INTO ma_giuong VALUES ('322222227', 'A08');

INSERT INTO ma_giuong VALUES ('322222228', 'A01');
INSERT INTO ma_giuong VALUES ('322222229', 'A02');
INSERT INTO ma_giuong VALUES ('322222229', 'A03');
INSERT INTO ma_giuong VALUES ('933333331', 'A04');
INSERT INTO ma_giuong VALUES ('933333331', 'A05');
INSERT INTO ma_giuong VALUES ('933333331', 'A06');
INSERT INTO ma_giuong VALUES ('933333332', 'A07');
INSERT INTO ma_giuong VALUES ('933333334', 'A08');


INSERT INTO ma_giuong VALUES ('933333335', 'B01');
INSERT INTO ma_giuong VALUES ('933333335', 'B02');

INSERT INTO ma_giuong VALUES ('933333336', 'B01');

INSERT INTO ma_giuong VALUES ('933333337', 'B01');
INSERT INTO ma_giuong VALUES ('933333337', 'B02');
INSERT INTO ma_giuong VALUES ('933333337', 'B03');

INSERT INTO ma_giuong VALUES ('933333338', 'B01');
INSERT INTO ma_giuong VALUES ('933333339', 'B02');
INSERT INTO ma_giuong VALUES ('933333339', 'B03');
INSERT INTO ma_giuong VALUES ('344444441', 'B04');

INSERT INTO ma_giuong VALUES ('344444442', 'B01');
INSERT INTO ma_giuong VALUES ('344444443', 'B02');
INSERT INTO ma_giuong VALUES ('344444443', 'B03');









-- INSERT INTO ma_giuong_xe VALUES ('A01', '223311');
-- INSERT INTO ma_giuong_xe VALUES ('A02', '223311');
-- INSERT INTO ma_giuong_xe VALUES ('A03', '223311');
-- INSERT INTO ma_giuong_xe VALUES ('A04', '223311');
-- INSERT INTO ma_giuong_xe VALUES ('A05', '223311');
-- INSERT INTO ma_giuong_xe VALUES ('A06', '223311');
-- INSERT INTO ma_giuong_xe VALUES ('A07', '223311');
-- INSERT INTO ma_giuong_xe VALUES ('A08', '223311');
-- INSERT INTO ma_giuong_xe VALUES ('A09', '223311');
-- INSERT INTO ma_giuong_xe VALUES ('A10', '223311');
-- INSERT INTO ma_giuong_xe VALUES ('B01', '223311');
-- INSERT INTO ma_giuong_xe VALUES ('B02', '223311');
-- INSERT INTO ma_giuong_xe VALUES ('B03', '223311');
-- INSERT INTO ma_giuong_xe VALUES ('B04', '223311');
-- INSERT INTO ma_giuong_xe VALUES ('B05', '223311');
-- INSERT INTO ma_giuong_xe VALUES ('B06', '223311');
-- INSERT INTO ma_giuong_xe VALUES ('B07', '223311');
-- INSERT INTO ma_giuong_xe VALUES ('B08', '223311');
-- INSERT INTO ma_giuong_xe VALUES ('B09', '223311');
-- INSERT INTO ma_giuong_xe VALUES ('B10', '223311');


-- INSERT INTO ma_giuong_xe VALUES ('A01', '447755');
-- INSERT INTO ma_giuong_xe VALUES ('A02', '447755');
-- INSERT INTO ma_giuong_xe VALUES ('A03', '447755');
-- INSERT INTO ma_giuong_xe VALUES ('A04', '447755');
-- INSERT INTO ma_giuong_xe VALUES ('A05', '447755');
-- INSERT INTO ma_giuong_xe VALUES ('A06', '447755');
-- INSERT INTO ma_giuong_xe VALUES ('A07', '447755');
-- INSERT INTO ma_giuong_xe VALUES ('A08', '447755');
-- INSERT INTO ma_giuong_xe VALUES ('A09', '447755');
-- INSERT INTO ma_giuong_xe VALUES ('A10', '447755');
-- INSERT INTO ma_giuong_xe VALUES ('B01', '447755');
-- INSERT INTO ma_giuong_xe VALUES ('B02', '447755');
-- INSERT INTO ma_giuong_xe VALUES ('B03', '447755');
-- INSERT INTO ma_giuong_xe VALUES ('B04', '447755');
-- INSERT INTO ma_giuong_xe VALUES ('B05', '447755');
-- INSERT INTO ma_giuong_xe VALUES ('B06', '447755');
-- INSERT INTO ma_giuong_xe VALUES ('B07', '447755');
-- INSERT INTO ma_giuong_xe VALUES ('B08', '447755');
-- INSERT INTO ma_giuong_xe VALUES ('B09', '447755');
-- INSERT INTO ma_giuong_xe VALUES ('B10', '447755');

-- INSERT INTO ma_giuong_xe VALUES ('A01', '551122');
-- INSERT INTO ma_giuong_xe VALUES ('A02', '551122');
-- INSERT INTO ma_giuong_xe VALUES ('A03', '551122');
-- INSERT INTO ma_giuong_xe VALUES ('A04', '551122');
-- INSERT INTO ma_giuong_xe VALUES ('A05', '551122');
-- INSERT INTO ma_giuong_xe VALUES ('A06', '551122');
-- INSERT INTO ma_giuong_xe VALUES ('A07', '551122');
-- INSERT INTO ma_giuong_xe VALUES ('A08', '551122');
-- INSERT INTO ma_giuong_xe VALUES ('A09', '551122');
-- INSERT INTO ma_giuong_xe VALUES ('A10', '551122');
-- INSERT INTO ma_giuong_xe VALUES ('B01', '551122');
-- INSERT INTO ma_giuong_xe VALUES ('B02', '551122');
-- INSERT INTO ma_giuong_xe VALUES ('B03', '551122');
-- INSERT INTO ma_giuong_xe VALUES ('B04', '551122');
-- INSERT INTO ma_giuong_xe VALUES ('B05', '551122');
-- INSERT INTO ma_giuong_xe VALUES ('B06', '551122');
-- INSERT INTO ma_giuong_xe VALUES ('B07', '551122');
-- INSERT INTO ma_giuong_xe VALUES ('B08', '551122');
-- INSERT INTO ma_giuong_xe VALUES ('B09', '551122');
-- INSERT INTO ma_giuong_xe VALUES ('B10', '551122');

-- INSERT INTO ma_giuong_xe VALUES ('A01', '667788');
-- INSERT INTO ma_giuong_xe VALUES ('A02', '667788');
-- INSERT INTO ma_giuong_xe VALUES ('A03', '667788');
-- INSERT INTO ma_giuong_xe VALUES ('A04', '667788');
-- INSERT INTO ma_giuong_xe VALUES ('A05', '667788');
-- INSERT INTO ma_giuong_xe VALUES ('A06', '667788');
-- INSERT INTO ma_giuong_xe VALUES ('A07', '667788');
-- INSERT INTO ma_giuong_xe VALUES ('A08', '667788');
-- INSERT INTO ma_giuong_xe VALUES ('A09', '667788');
-- INSERT INTO ma_giuong_xe VALUES ('A10', '667788');
-- INSERT INTO ma_giuong_xe VALUES ('B01', '667788');
-- INSERT INTO ma_giuong_xe VALUES ('B02', '667788');
-- INSERT INTO ma_giuong_xe VALUES ('B03', '667788');
-- INSERT INTO ma_giuong_xe VALUES ('B04', '667788');
-- INSERT INTO ma_giuong_xe VALUES ('B05', '667788');
-- INSERT INTO ma_giuong_xe VALUES ('B06', '667788');
-- INSERT INTO ma_giuong_xe VALUES ('B07', '667788');
-- INSERT INTO ma_giuong_xe VALUES ('B08', '667788');
-- INSERT INTO ma_giuong_xe VALUES ('B09', '667788');
-- INSERT INTO ma_giuong_xe VALUES ('B10', '667788');


-- INSERT INTO ma_giuong_xe VALUES ('A01', '775566');
-- INSERT INTO ma_giuong_xe VALUES ('A02', '775566');
-- INSERT INTO ma_giuong_xe VALUES ('A03', '775566');
-- INSERT INTO ma_giuong_xe VALUES ('A04', '775566');
-- INSERT INTO ma_giuong_xe VALUES ('A05', '775566');
-- INSERT INTO ma_giuong_xe VALUES ('A06', '775566');
-- INSERT INTO ma_giuong_xe VALUES ('A07', '775566');
-- INSERT INTO ma_giuong_xe VALUES ('A08', '775566');
-- INSERT INTO ma_giuong_xe VALUES ('A09', '775566');
-- INSERT INTO ma_giuong_xe VALUES ('A10', '775566');
-- INSERT INTO ma_giuong_xe VALUES ('B01', '775566');
-- INSERT INTO ma_giuong_xe VALUES ('B02', '775566');
-- INSERT INTO ma_giuong_xe VALUES ('B03', '775566');
-- INSERT INTO ma_giuong_xe VALUES ('B04', '775566');
-- INSERT INTO ma_giuong_xe VALUES ('B05', '775566');
-- INSERT INTO ma_giuong_xe VALUES ('B06', '775566');
-- INSERT INTO ma_giuong_xe VALUES ('B07', '775566');
-- INSERT INTO ma_giuong_xe VALUES ('B08', '775566');
-- INSERT INTO ma_giuong_xe VALUES ('B09', '775566');
-- INSERT INTO ma_giuong_xe VALUES ('B10', '775566');


-- INSERT INTO ma_giuong_xe VALUES ('A01', '881122');
-- INSERT INTO ma_giuong_xe VALUES ('A02', '881122');
-- INSERT INTO ma_giuong_xe VALUES ('A03', '881122');
-- INSERT INTO ma_giuong_xe VALUES ('A04', '881122');
-- INSERT INTO ma_giuong_xe VALUES ('A05', '881122');
-- INSERT INTO ma_giuong_xe VALUES ('A06', '881122');
-- INSERT INTO ma_giuong_xe VALUES ('A07', '881122');
-- INSERT INTO ma_giuong_xe VALUES ('A08', '881122');
-- INSERT INTO ma_giuong_xe VALUES ('A09', '881122');
-- INSERT INTO ma_giuong_xe VALUES ('A10', '881122');
-- INSERT INTO ma_giuong_xe VALUES ('B01', '881122');
-- INSERT INTO ma_giuong_xe VALUES ('B02', '881122');
-- INSERT INTO ma_giuong_xe VALUES ('B03', '881122');
-- INSERT INTO ma_giuong_xe VALUES ('B04', '881122');
-- INSERT INTO ma_giuong_xe VALUES ('B05', '881122');
-- INSERT INTO ma_giuong_xe VALUES ('B06', '881122');
-- INSERT INTO ma_giuong_xe VALUES ('B07', '881122');
-- INSERT INTO ma_giuong_xe VALUES ('B08', '881122');
-- INSERT INTO ma_giuong_xe VALUES ('B09', '881122');
-- INSERT INTO ma_giuong_xe VALUES ('B10', '881122');






INSERT INTO KTGCT VALUES ('HCM-DL', 'A-B',3);
INSERT INTO KTGCT VALUES ('HCM-DL', 'B-C',3);
INSERT INTO KTGCT VALUES ('HCM-DL', 'C-D',1);

INSERT INTO KTGCT VALUES ('DL-HCM', 'D-C',1);
INSERT INTO KTGCT VALUES ('DL-HCM', 'C-B',3);
INSERT INTO KTGCT VALUES ('DL-HCM', 'B-A',3);


INSERT INTO KTGCT VALUES ('BL-DL', 'E-C',2);
INSERT INTO KTGCT VALUES ('BL-DL', 'C-D',1);

INSERT INTO KTGCT VALUES ('DL-BL', 'D-C',1);
INSERT INTO KTGCT VALUES ('DL-BL', 'C-E',2);
